ID,Local_ID,Language_ID,Parameter_ID,Value,Form,Segments,Comment,Source,Cognacy,Loan
glg-0-1,,glg,0,cero,cero,,,,,
glg-1-1,,glg,1,un,un,,,,,
glg-2-1,,glg,2,dous,dous,,,,,
glg-3-1,,glg,3,tres,tres,,,,,
glg-4-1,,glg,4,catro,catro,,,,,
glg-5-1,,glg,5,cinco,cinco,,,,,
glg-6-1,,glg,6,seis,seis,,,,,
glg-7-1,,glg,7,sete,sete,,,,,
glg-8-1,,glg,8,oito,oito,,,,,
glg-9-1,,glg,9,nove,nove,,,,,
glg-10-1,,glg,10,dez,dez,,,,,
glg-11-1,,glg,11,once,once,,,,,
fra_ch-0-1,,fra_ch,0,zéro,zéro,,,,,
fra_ch-1-1,,fra_ch,1,un,un,,,,,
fra_ch-2-1,,fra_ch,2,deux,deux,,,,,
fra_ch-3-1,,fra_ch,3,trois,trois,,,,,
fra_ch-4-1,,fra_ch,4,quatre,quatre,,,,,
fra_ch-5-1,,fra_ch,5,cinq,cinq,,,,,
fra_ch-6-1,,fra_ch,6,six,six,,,,,
fra_ch-7-1,,fra_ch,7,sept,sept,,,,,
fra_ch-8-1,,fra_ch,8,huit,huit,,,,,
fra_ch-9-1,,fra_ch,9,neuf,neuf,,,,,
fra_ch-10-1,,fra_ch,10,dix,dix,,,,,
fra_ch-11-1,,fra_ch,11,onze,onze,,,,,
som-0-1,,som,0,eber,eber,,,,,
som-1-1,,som,1,kow,kow,,,,,
som-2-1,,som,2,labo,labo,,,,,
som-3-1,,som,3,saddex,saddex,,,,,
som-4-1,,som,4,afar,afar,,,,,
som-5-1,,som,5,shan,shan,,,,,
som-6-1,,som,6,lix,lix,,,,,
som-7-1,,som,7,toddobo,toddobo,,,,,
som-8-1,,som,8,siddeed,siddeed,,,,,
som-9-1,,som,9,sagaal,sagaal,,,,,
som-10-1,,som,10,toban,toban,,,,,
som-11-1,,som,11,toban iyo kow,toban iyo kow,,,,,
kan-0-1,,kan,0,ಸೊನ್ನೆ,ಸೊನ್ನೆ,,,,,
kan-1-1,,kan,1,ಒಂದು,ಒಂದು,,,,,
kan-2-1,,kan,2,ಎರಡು,ಎರಡು,,,,,
kan-3-1,,kan,3,ಮೂರು,ಮೂರು,,,,,
kan-4-1,,kan,4,ನಾಲ್ಕು,ನಾಲ್ಕು,,,,,
kan-5-1,,kan,5,ಐದು,ಐದು,,,,,
kan-6-1,,kan,6,ಆರು,ಆರು,,,,,
kan-7-1,,kan,7,ಏಳು,ಏಳು,,,,,
kan-8-1,,kan,8,ಎಂಟು,ಎಂಟು,,,,,
kan-9-1,,kan,9,ಒಂಬತ್ತು,ಒಂಬತ್ತು,,,,,
kan-10-1,,kan,10,ಹತ್ತು,ಹತ್ತು,,,,,
kan-11-1,,kan,11,ಹನ್ನೊಂದು,ಹನ್ನೊಂದು,,,,,
lat-1-1,,lat,1,ûnus,ûnus,,,,,
lat-2-1,,lat,2,duo,duo,,,,,
lat-3-1,,lat,3,três,três,,,,,
lat-4-1,,lat,4,quattor,quattor,,,,,
lat-5-1,,lat,5,quînque,quînque,,,,,
lat-6-1,,lat,6,sex,sex,,,,,
lat-7-1,,lat,7,septem,septem,,,,,
lat-8-1,,lat,8,octô,octô,,,,,
lat-9-1,,lat,9,novem,novem,,,,,
lat-10-1,,lat,10,decem,decem,,,,,
lat-11-1,,lat,11,decem ûnus,decem ûnus,,,,,
rus-0-1,,rus,0,ноль,ноль,,,,,
rus-1-1,,rus,1,один,один,,,,,
rus-2-1,,rus,2,два,два,,,,,
rus-3-1,,rus,3,три,три,,,,,
rus-4-1,,rus,4,четыре,четыре,,,,,
rus-5-1,,rus,5,пять,пять,,,,,
rus-6-1,,rus,6,шесть,шесть,,,,,
rus-7-1,,rus,7,семь,семь,,,,,
rus-8-1,,rus,8,восемь,восемь,,,,,
rus-9-1,,rus,9,девять,девять,,,,,
rus-10-1,,rus,10,десять,десять,,,,,
rus-11-1,,rus,11,одиннадцать,одиннадцать,,,,,
mlg-0-1,,mlg,0,aotra,aotra,,,,,
mlg-1-1,,mlg,1,"iray, isa, iraika",iray,,,,,
mlg-1-2,,mlg,1,"iray, isa, iraika",isa,,,,,
mlg-1-3,,mlg,1,"iray, isa, iraika",iraika,,,,,
mlg-2-1,,mlg,2,roa,roa,,,,,
mlg-3-1,,mlg,3,telo,telo,,,,,
mlg-4-1,,mlg,4,efatra,efatra,,,,,
mlg-5-1,,mlg,5,dimy,dimy,,,,,
mlg-6-1,,mlg,6,enina,enina,,,,,
mlg-7-1,,mlg,7,fito,fito,,,,,
mlg-8-1,,mlg,8,valo,valo,,,,,
mlg-9-1,,mlg,9,sivy,sivy,,,,,
mlg-10-1,,mlg,10,folo,folo,,,,,
mlg-11-1,,mlg,11,iraika ambin'ny folo,iraika ambin'ny folo,,,,,
lim-0-1,,lim,0,nöl,nöl,,,,,
lim-1-1,,lim,1,ein,ein,,,,,
lim-2-1,,lim,2,twie,twie,,,,,
lim-3-1,,lim,3,drei,drei,,,,,
lim-4-1,,lim,4,veer,veer,,,,,
lim-5-1,,lim,5,vief,vief,,,,,
lim-6-1,,lim,6,zès,zès,,,,,
lim-7-1,,lim,7,zeve,zeve,,,,,
lim-8-1,,lim,8,ach,ach,,,,,
lim-9-1,,lim,9,neuge,neuge,,,,,
lim-10-1,,lim,10,teen,teen,,,,,
lim-11-1,,lim,11,èlf,èlf,,,,,
ron-0-1,,ron,0,zero,zero,,,,,
ron-1-1,,ron,1,unu,unu,,,,,
ron-2-1,,ron,2,doi,doi,,,,,
ron-3-1,,ron,3,trei,trei,,,,,
ron-4-1,,ron,4,patru,patru,,,,,
ron-5-1,,ron,5,cinci,cinci,,,,,
ron-6-1,,ron,6,șase,șase,,,,,
ron-7-1,,ron,7,șapte,șapte,,,,,
ron-8-1,,ron,8,opt,opt,,,,,
ron-9-1,,ron,9,nouă,nouă,,,,,
ron-10-1,,ron,10,zece,zece,,,,,
ron-11-1,,ron,11,unsprezece,unsprezece,,,,,
ukr-0-1,,ukr,0,нуль,нуль,,,,,
ukr-1-1,,ukr,1,один,один,,,,,
ukr-2-1,,ukr,2,два,два,,,,,
ukr-3-1,,ukr,3,три,три,,,,,
ukr-4-1,,ukr,4,чотири,чотири,,,,,
ukr-5-1,,ukr,5,п'ять,п'ять,,,,,
ukr-6-1,,ukr,6,шість,шість,,,,,
ukr-7-1,,ukr,7,сім,сім,,,,,
ukr-8-1,,ukr,8,вісім,вісім,,,,,
ukr-9-1,,ukr,9,дев'ять,дев'ять,,,,,
ukr-10-1,,ukr,10,десять,десять,,,,,
ukr-11-1,,ukr,11,одинадцять,одинадцять,,,,,
por_br-0-1,,por_br,0,zero,zero,,,,,
por_br-1-1,,por_br,1,um,um,,,,,
por_br-2-1,,por_br,2,dois,dois,,,,,
por_br-3-1,,por_br,3,três,três,,,,,
por_br-4-1,,por_br,4,quatro,quatro,,,,,
por_br-5-1,,por_br,5,cinco,cinco,,,,,
por_br-6-1,,por_br,6,seis,seis,,,,,
por_br-7-1,,por_br,7,sete,sete,,,,,
por_br-8-1,,por_br,8,oito,oito,,,,,
por_br-9-1,,por_br,9,nove,nove,,,,,
por_br-10-1,,por_br,10,dez,dez,,,,,
por_br-11-1,,por_br,11,onze,onze,,,,,
bmw-0-1,,bmw,0,null,null,,,,,
bmw-1-1,,bmw,1,en,en,,,,,
bmw-2-1,,bmw,2,to,to,,,,,
bmw-3-1,,bmw,3,tre,tre,,,,,
bmw-4-1,,bmw,4,fire,fire,,,,,
bmw-5-1,,bmw,5,fem,fem,,,,,
bmw-6-1,,bmw,6,seks,seks,,,,,
bmw-7-1,,bmw,7,sju,sju,,,,,
bmw-8-1,,bmw,8,åtte,åtte,,,,,
bmw-9-1,,bmw,9,ni,ni,,,,,
bmw-10-1,,bmw,10,ti,ti,,,,,
bmw-11-1,,bmw,11,elleve,elleve,,,,,
tsn-0-1,,tsn,0,fela,fela,,,,,
tsn-1-1,,tsn,1,nngwe,nngwe,,,,,
tsn-2-1,,tsn,2,pedi,pedi,,,,,
tsn-3-1,,tsn,3,tharo,tharo,,,,,
tsn-4-1,,tsn,4,nne,nne,,,,,
tsn-5-1,,tsn,5,tlhano,tlhano,,,,,
tsn-6-1,,tsn,6,thataro,thataro,,,,,
tsn-7-1,,tsn,7,supa,supa,,,,,
tsn-8-1,,tsn,8,robedi,robedi,,,,,
tsn-9-1,,tsn,9,robongwe,robongwe,,,,,
tsn-10-1,,tsn,10,some,some,,,,,
tsn-11-1,,tsn,11,some nngwe,some nngwe,,,,,
hil-0-1,,hil,0,sero,sero,,,,,
hil-1-1,,hil,1,isa,isa,,,,,
hil-2-1,,hil,2,duha,duha,,,,,
hil-3-1,,hil,3,tatlo,tatlo,,,,,
hil-4-1,,hil,4,apat,apat,,,,,
hil-5-1,,hil,5,lima,lima,,,,,
hil-6-1,,hil,6,anom,anom,,,,,
hil-7-1,,hil,7,pito,pito,,,,,
hil-8-1,,hil,8,walo,walo,,,,,
hil-9-1,,hil,9,syam,syam,,,,,
hil-10-1,,hil,10,pulo,pulo,,,,,
hil-11-1,,hil,11,onse,onse,,,,,
ita-0-1,,ita,0,zero,zero,,,,,
ita-1-1,,ita,1,uno,uno,,,,,
ita-2-1,,ita,2,due,due,,,,,
ita-3-1,,ita,3,tre,tre,,,,,
ita-4-1,,ita,4,quattro,quattro,,,,,
ita-5-1,,ita,5,cinque,cinque,,,,,
ita-6-1,,ita,6,sei,sei,,,,,
ita-7-1,,ita,7,sette,sette,,,,,
ita-8-1,,ita,8,otto,otto,,,,,
ita-9-1,,ita,9,nove,nove,,,,,
ita-10-1,,ita,10,dieci,dieci,,,,,
ita-11-1,,ita,11,undici,undici,,,,,
mlt-0-1,,mlt,0,żero,żero,,,,,
mlt-1-1,,mlt,1,wieħed,wieħed,,,,,
mlt-2-1,,mlt,2,tnejn,tnejn,,,,,
mlt-3-1,,mlt,3,tlieta,tlieta,,,,,
mlt-4-1,,mlt,4,erbgħa,erbgħa,,,,,
mlt-5-1,,mlt,5,ħamsa,ħamsa,,,,,
mlt-6-1,,mlt,6,sitta,sitta,,,,,
mlt-7-1,,mlt,7,sebgħa,sebgħa,,,,,
mlt-8-1,,mlt,8,tmienja,tmienja,,,,,
mlt-9-1,,mlt,9,disgħa,disgħa,,,,,
mlt-10-1,,mlt,10,għaxra,għaxra,,,,,
mlt-11-1,,mlt,11,ħdax,ħdax,,,,,
ban-0-1,,ban,0,puyung,puyung,,,,,
ban-1-1,,ban,1,besik,besik,,,,,
ban-2-1,,ban,2,dua,dua,,,,,
ban-3-1,,ban,3,telu,telu,,,,,
ban-4-1,,ban,4,papat,papat,,,,,
ban-5-1,,ban,5,lima,lima,,,,,
ban-6-1,,ban,6,nem,nem,,,,,
ban-7-1,,ban,7,pitu,pitu,,,,,
ban-8-1,,ban,8,kutus,kutus,,,,,
ban-9-1,,ban,9,sanga,sanga,,,,,
ban-10-1,,ban,10,dasa,dasa,,,,,
ban-11-1,,ban,11,solas,solas,,,,,
hau-0-1,,hau,0,sifili,sifili,,,,,
hau-1-1,,hau,1,ɗaya,ɗaya,,,,,
hau-2-1,,hau,2,biyu,biyu,,,,,
hau-3-1,,hau,3,uku,uku,,,,,
hau-4-1,,hau,4,huɗu,huɗu,,,,,
hau-5-1,,hau,5,biyar,biyar,,,,,
hau-6-1,,hau,6,shida,shida,,,,,
hau-7-1,,hau,7,bakwai,bakwai,,,,,
hau-8-1,,hau,8,takwas,takwas,,,,,
hau-9-1,,hau,9,tara,tara,,,,,
hau-10-1,,hau,10,goma,goma,,,,,
hau-11-1,,hau,11,goma da ɗaya,goma da ɗaya,,,,,
afr-0-1,,afr,0,nul,nul,,,,,
afr-1-1,,afr,1,een,een,,,,,
afr-2-1,,afr,2,twee,twee,,,,,
afr-3-1,,afr,3,drie,drie,,,,,
afr-4-1,,afr,4,vier,vier,,,,,
afr-5-1,,afr,5,vyf,vyf,,,,,
afr-6-1,,afr,6,ses,ses,,,,,
afr-7-1,,afr,7,sewe,sewe,,,,,
afr-8-1,,afr,8,agt,agt,,,,,
afr-9-1,,afr,9,nege,nege,,,,,
afr-10-1,,afr,10,tien,tien,,,,,
afr-11-1,,afr,11,elf,elf,,,,,
cos-0-1,,cos,0,zeru,zeru,,,,,
cos-1-1,,cos,1,unu,unu,,,,,
cos-1-2,,cos,1,una,una,,,,,
cos-2-1,,cos,2,dui,dui,,,,,
cos-3-1,,cos,3,trè,trè,,,,,
cos-4-1,,cos,4,quattru,quattru,,,,,
cos-5-1,,cos,5,cinque,cinque,,,,,
cos-6-1,,cos,6,sei,sei,,,,,
cos-7-1,,cos,7,sette,sette,,,,,
cos-8-1,,cos,8,ottu,ottu,,,,,
cos-9-1,,cos,9,nove,nove,,,,,
cos-10-1,,cos,10,dece,dece,,,,,
cos-11-1,,cos,11,ondeci,ondeci,,,,,
hat-0-1,,hat,0,zewo,zewo,,,,,
hat-1-1,,hat,1,en,en,,,,,
hat-2-1,,hat,2,de,de,,,,,
hat-3-1,,hat,3,twa,twa,,,,,
hat-4-1,,hat,4,kat,kat,,,,,
hat-5-1,,hat,5,senk,senk,,,,,
hat-6-1,,hat,6,sis,sis,,,,,
hat-7-1,,hat,7,sèt,sèt,,,,,
hat-8-1,,hat,8,uit,uit,,,,,
hat-9-1,,hat,9,nèf,nèf,,,,,
hat-10-1,,hat,10,dis,dis,,,,,
hat-11-1,,hat,11,onz,onz,,,,,
pag-0-1,,pag,0,anggapo,anggapo,,,,,
pag-1-1,,pag,1,sakey,sakey,,,,,
pag-2-1,,pag,2,dua,dua,,,,,
pag-3-1,,pag,3,talo,talo,,,,,
pag-4-1,,pag,4,apat,apat,,,,,
pag-5-1,,pag,5,lima,lima,,,,,
pag-6-1,,pag,6,anem,anem,,,,,
pag-7-1,,pag,7,pito,pito,,,,,
pag-8-1,,pag,8,walo,walo,,,,,
pag-9-1,,pag,9,siam,siam,,,,,
pag-10-1,,pag,10,samplo,samplo,,,,,
pag-11-1,,pag,11,labinsakey,labinsakey,,,,,
tuk-0-1,,tuk,0,nol,nol,,,,,
tuk-1-1,,tuk,1,bir,bir,,,,,
tuk-2-1,,tuk,2,iki,iki,,,,,
tuk-3-1,,tuk,3,üç,üç,,,,,
tuk-4-1,,tuk,4,dört,dört,,,,,
tuk-5-1,,tuk,5,bäş,bäş,,,,,
tuk-6-1,,tuk,6,alty,alty,,,,,
tuk-7-1,,tuk,7,ýedi,ýedi,,,,,
tuk-8-1,,tuk,8,sekiz,sekiz,,,,,
tuk-9-1,,tuk,9,dokuz,dokuz,,,,,
tuk-10-1,,tuk,10,on,on,,,,,
tuk-11-1,,tuk,11,on bir,on bir,,,,,
ben-0-1,,ben,0,শূন্য,শূন্য,,,,,
ben-1-1,,ben,1,এক,এক,,,,,
ben-2-1,,ben,2,দুই,দুই,,,,,
ben-3-1,,ben,3,তিন,তিন,,,,,
ben-4-1,,ben,4,চার,চার,,,,,
ben-5-1,,ben,5,পাঁচ,পাঁচ,,,,,
ben-6-1,,ben,6,ছয়,ছয়,,,,,
ben-7-1,,ben,7,সাত,সাত,,,,,
ben-8-1,,ben,8,আট,আট,,,,,
ben-9-1,,ben,9,নয়,নয়,,,,,
ben-10-1,,ben,10,দশ,দশ,,,,,
ben-11-1,,ben,11,এগারো,এগারো,,,,,
cmn_simplified-0-1,,cmn_simplified,0,零,零,,,,,
cmn_simplified-1-1,,cmn_simplified,1,一,一,,,,,
cmn_simplified-2-1,,cmn_simplified,2,二,二,,,,,
cmn_simplified-3-1,,cmn_simplified,3,三,三,,,,,
cmn_simplified-4-1,,cmn_simplified,4,四,四,,,,,
cmn_simplified-5-1,,cmn_simplified,5,五,五,,,,,
cmn_simplified-6-1,,cmn_simplified,6,六,六,,,,,
cmn_simplified-7-1,,cmn_simplified,7,七,七,,,,,
cmn_simplified-8-1,,cmn_simplified,8,八,八,,,,,
cmn_simplified-9-1,,cmn_simplified,9,九,九,,,,,
cmn_simplified-10-1,,cmn_simplified,10,十,十,,,,,
cmn_simplified-11-1,,cmn_simplified,11,十一,十一,,,,,
ckb_arabic-0-1,,ckb_arabic,0,سفر,سفر,,,,,
ckb_arabic-1-1,,ckb_arabic,1,یەک,یەک,,,,,
ckb_arabic-2-1,,ckb_arabic,2,دوو,دوو,,,,,
ckb_arabic-3-1,,ckb_arabic,3,سێ,سێ,,,,,
ckb_arabic-4-1,,ckb_arabic,4,چوار,چوار,,,,,
ckb_arabic-5-1,,ckb_arabic,5,پێنج,پێنج,,,,,
ckb_arabic-6-1,,ckb_arabic,6,شەش,شەش,,,,,
ckb_arabic-7-1,,ckb_arabic,7,حەوت,حەوت,,,,,
ckb_arabic-8-1,,ckb_arabic,8,هەشت,هەشت,,,,,
ckb_arabic-9-1,,ckb_arabic,9,نۆ,نۆ,,,,,
ckb_arabic-10-1,,ckb_arabic,10,دە,دە,,,,,
ckb_arabic-11-1,,ckb_arabic,11,یانزە,یانزە,,,,,
pnb_in-0-1,,pnb_in,0,ਸਿਫਰ,ਸਿਫਰ,,,,,
pnb_in-1-1,,pnb_in,1,ਇੱਕ,ਇੱਕ,,,,,
pnb_in-2-1,,pnb_in,2,ਦੋ,ਦੋ,,,,,
pnb_in-3-1,,pnb_in,3,ਤਿੰਨ,ਤਿੰਨ,,,,,
pnb_in-4-1,,pnb_in,4,ਚਾਰ,ਚਾਰ,,,,,
pnb_in-5-1,,pnb_in,5,ਪੰਜ,ਪੰਜ,,,,,
pnb_in-6-1,,pnb_in,6,ਛੇ,ਛੇ,,,,,
pnb_in-7-1,,pnb_in,7,ਸੱਤ,ਸੱਤ,,,,,
pnb_in-8-1,,pnb_in,8,ਅੱਠ,ਅੱਠ,,,,,
pnb_in-9-1,,pnb_in,9,ਨੌਂ,ਨੌਂ,,,,,
pnb_in-10-1,,pnb_in,10,ਦੱਸ,ਦੱਸ,,,,,
pnb_in-11-1,,pnb_in,11,ਗਿਆਰਾਂ,ਗਿਆਰਾਂ,,,,,
bgn-0-1,,bgn,0,سپر,سپر,,,,,
bgn-1-1,,bgn,1,یک,یک,,,,,
bgn-2-1,,bgn,2,دو,دو,,,,,
bgn-3-1,,bgn,3,سے,سے,,,,,
bgn-4-1,,bgn,4,چار,چار,,,,,
bgn-5-1,,bgn,5,پنچ,پنچ,,,,,
bgn-6-1,,bgn,6,شش,شش,,,,,
bgn-7-1,,bgn,7,ہپت,ہپت,,,,,
bgn-8-1,,bgn,8,ہشت,ہشت,,,,,
bgn-9-1,,bgn,9,نو,نو,,,,,
bgn-10-1,,bgn,10,دہ,دہ,,,,,
bgn-11-1,,bgn,11,یازدہ,یازدہ,,,,,
lmo-0-1,,lmo,0,zero,zero,,,,,
lmo-1-1,,lmo,1,vün,vün,,,,,
lmo-2-1,,lmo,2,dü,dü,,,,,
lmo-3-1,,lmo,3,tri,tri,,,,,
lmo-4-1,,lmo,4,quater,quater,,,,,
lmo-5-1,,lmo,5,cinch,cinch,,,,,
lmo-6-1,,lmo,6,ses,ses,,,,,
lmo-7-1,,lmo,7,set,set,,,,,
lmo-8-1,,lmo,8,vot,vot,,,,,
lmo-9-1,,lmo,9,nöff,nöff,,,,,
lmo-10-1,,lmo,10,des,des,,,,,
lmo-11-1,,lmo,11,vündes,vündes,,,,,
tks-1-1,,tks,1,یک,یک,,,,,
tks-2-1,,tks,2,دو,دو,,,,,
tks-3-1,,tks,3,سه,سه,,,,,
tks-4-1,,tks,4,چهار,چهار,,,,,
tks-5-1,,tks,5,پنج,پنج,,,,,
tks-6-1,,tks,6,شش,شش,,,,,
tks-7-1,,tks,7,هفت,هفت,,,,,
tks-8-1,,tks,8,هشت,هشت,,,,,
tks-9-1,,tks,9,نه,نه,,,,,
tks-10-1,,tks,10,ده,ده,,,,,
tks-11-1,,tks,11,یازده,یازده,,,,,
ceb_austronesian-0-1,,ceb_austronesian,0,wala,wala,,,,,
ceb_austronesian-1-1,,ceb_austronesian,1,usa,usa,,,,,
ceb_austronesian-2-1,,ceb_austronesian,2,duha,duha,,,,,
ceb_austronesian-3-1,,ceb_austronesian,3,tulo,tulo,,,,,
ceb_austronesian-4-1,,ceb_austronesian,4,upat,upat,,,,,
ceb_austronesian-5-1,,ceb_austronesian,5,lima,lima,,,,,
ceb_austronesian-6-1,,ceb_austronesian,6,unom,unom,,,,,
ceb_austronesian-7-1,,ceb_austronesian,7,pito,pito,,,,,
ceb_austronesian-8-1,,ceb_austronesian,8,walo,walo,,,,,
ceb_austronesian-9-1,,ceb_austronesian,9,siyam,siyam,,,,,
ceb_austronesian-10-1,,ceb_austronesian,10,napulo,napulo,,,,,
ceb_austronesian-11-1,,ceb_austronesian,11,napulo ug usa,napulo ug usa,,,,,
yue-0-1,,yue,0,零,零,,,,,
yue-1-1,,yue,1,一,一,,,,,
yue-2-1,,yue,2,二,二,,,,,
yue-3-1,,yue,3,三,三,,,,,
yue-4-1,,yue,4,四,四,,,,,
yue-5-1,,yue,5,五,五,,,,,
yue-6-1,,yue,6,六,六,,,,,
yue-7-1,,yue,7,七,七,,,,,
yue-8-1,,yue,8,八,八,,,,,
yue-9-1,,yue,9,九,九,,,,,
yue-10-1,,yue,10,十,十,,,,,
yue-11-1,,yue,11,十一,十一,,,,,
hne-0-1,,hne,0,शून्य,शून्य,,,,,
hne-1-1,,hne,1,एक,एक,,,,,
hne-2-1,,hne,2,दू,दू,,,,,
hne-3-1,,hne,3,तीन,तीन,,,,,
hne-4-1,,hne,4,चार,चार,,,,,
hne-5-1,,hne,5,पांच,पांच,,,,,
hne-6-1,,hne,6,छे,छे,,,,,
hne-7-1,,hne,7,सात,सात,,,,,
hne-8-1,,hne,8,आठ,आठ,,,,,
hne-9-1,,hne,9,नउ,नउ,,,,,
hne-10-1,,hne,10,दस,दस,,,,,
hne-11-1,,hne,11,ग्यारा,ग्यारा,,,,,
skr_with_diacritics-0-1,,skr_with_diacritics,0,صِفِر,صِفِر,,,,,
skr_with_diacritics-1-1,,skr_with_diacritics,1,ہِک,ہِک,,,,,
skr_with_diacritics-2-1,,skr_with_diacritics,2,ݙو,ݙو,,,,,
skr_with_diacritics-3-1,,skr_with_diacritics,3,تراے,تراے,,,,,
skr_with_diacritics-4-1,,skr_with_diacritics,4,چار,چار,,,,,
skr_with_diacritics-5-1,,skr_with_diacritics,5,پنڄ,پنڄ,,,,,
skr_with_diacritics-6-1,,skr_with_diacritics,6,چھی,چھی,,,,,
skr_with_diacritics-7-1,,skr_with_diacritics,7,سَت,سَت,,,,,
skr_with_diacritics-8-1,,skr_with_diacritics,8,اَٹّھ,اَٹّھ,,,,,
skr_with_diacritics-9-1,,skr_with_diacritics,9,ناؤں,ناؤں,,,,,
skr_with_diacritics-10-1,,skr_with_diacritics,10,ݙا,ݙا,,,,,
skr_with_diacritics-11-1,,skr_with_diacritics,11,یاحَّراں,یاحَّراں,,,,,
bug-0-1,,bug,0,nolo,nolo,,,,,
bug-1-1,,bug,1,seddi,seddi,,,,,
bug-2-1,,bug,2,dua,dua,,,,,
bug-3-1,,bug,3,tellu,tellu,,,,,
bug-4-1,,bug,4,eppa,eppa,,,,,
bug-5-1,,bug,5,lima,lima,,,,,
bug-6-1,,bug,6,enneng,enneng,,,,,
bug-7-1,,bug,7,pitu,pitu,,,,,
bug-8-1,,bug,8,aruwa,aruwa,,,,,
bug-9-1,,bug,9,asera,asera,,,,,
bug-10-1,,bug,10,seppulo,seppulo,,,,,
bug-11-1,,bug,11,seppulo seddi,seppulo seddi,,,,,
mya-0-1,,mya,0,သုည,သုည,,,,,
mya-1-1,,mya,1,တစ်,တစ်,,,,,
mya-2-1,,mya,2,နှစ်,နှစ်,,,,,
mya-3-1,,mya,3,သုံး,သုံး,,,,,
mya-4-1,,mya,4,လေး,လေး,,,,,
mya-5-1,,mya,5,ငါး,ငါး,,,,,
mya-6-1,,mya,6,ခြောက်,ခြောက်,,,,,
mya-7-1,,mya,7,ခုနစ်,ခုနစ်,,,,,
mya-8-1,,mya,8,ရှစ်,ရှစ်,,,,,
mya-9-1,,mya,9,ကိုး,ကိုး,,,,,
mya-10-1,,mya,10,တစ် ဆယ်,တစ် ဆယ်,,,,,
mya-11-1,,mya,11,ဆယ့် တစ်,ဆယ့် တစ်,,,,,
kok-0-1,,kok,0,पूज,पूज,,,,,
kok-1-1,,kok,1,एक,एक,,,,,
kok-2-1,,kok,2,दोन,दोन,,,,,
kok-3-1,,kok,3,तीन,तीन,,,,,
kok-4-1,,kok,4,चार,चार,,,,,
kok-5-1,,kok,5,पांच,पांच,,,,,
kok-6-1,,kok,6,स,स,,,,,
kok-7-1,,kok,7,सात,सात,,,,,
kok-8-1,,kok,8,आठ,आठ,,,,,
kok-9-1,,kok,9,णव,णव,,,,,
kok-10-1,,kok,10,धा,धा,,,,,
kok-11-1,,kok,11,इकरा,इकरा,,,,,
bod-0-1,,bod,0,ཀླད་ཀོར་,ཀླད་ཀོར་,,,,,
bod-1-1,,bod,1,གཅིག་,གཅིག་,,,,,
bod-2-1,,bod,2,གཉིས་,གཉིས་,,,,,
bod-3-1,,bod,3,གསུམ་,གསུམ་,,,,,
bod-4-1,,bod,4,བཞི་,བཞི་,,,,,
bod-5-1,,bod,5,ལྔ་,ལྔ་,,,,,
bod-6-1,,bod,6,དྲུག་,དྲུག་,,,,,
bod-7-1,,bod,7,བདུན་,བདུན་,,,,,
bod-8-1,,bod,8,བརྒྱད་,བརྒྱད་,,,,,
bod-9-1,,bod,9,དགུ་,དགུ་,,,,,
bod-10-1,,bod,10,བཅུ་,བཅུ་,,,,,
bod-11-1,,bod,11,བཅུ་ གཅིག་,བཅུ་ གཅིག་,,,,,
mel-1-1,,mel,1,usa,usa,,,,,
mel-2-1,,mel,2,duha,duha,,,,,
mel-3-1,,mel,3,tulo,tulo,,,,,
mel-4-1,,mel,4,upat,upat,,,,,
mel-5-1,,mel,5,lima,lima,,,,,
mel-6-1,,mel,6,unom,unom,,,,,
mel-7-1,,mel,7,pito,pito,,,,,
mel-8-1,,mel,8,walo,walo,,,,,
mel-9-1,,mel,9,siyam,siyam,,,,,
mel-10-1,,mel,10,napulo,napulo,,,,,
mel-11-1,,mel,11,napulo,napulo,,,,,
hin-0-1,,hin,0,शून्य,शून्य,,,,,
hin-1-1,,hin,1,एक,एक,,,,,
hin-2-1,,hin,2,दो,दो,,,,,
hin-3-1,,hin,3,तीन,तीन,,,,,
hin-4-1,,hin,4,चार,चार,,,,,
hin-5-1,,hin,5,पांच,पांच,,,,,
hin-6-1,,hin,6,छह,छह,,,,,
hin-7-1,,hin,7,सात,सात,,,,,
hin-8-1,,hin,8,आठ,आठ,,,,,
hin-9-1,,hin,9,नौ,नौ,,,,,
hin-10-1,,hin,10,दस,दस,,,,,
hin-11-1,,hin,11,ग्यारह,ग्यारह,,,,,
pcm-0-1,,pcm,0,zero,zero,,,,,
pcm-1-1,,pcm,1,wan,wan,,,,,
pcm-2-1,,pcm,2,tu,tu,,,,,
pcm-3-1,,pcm,3,tri,tri,,,,,
pcm-4-1,,pcm,4,fó,fó,,,,,
pcm-5-1,,pcm,5,five,five,,,,,
pcm-6-1,,pcm,6,six,six,,,,,
pcm-7-1,,pcm,7,sevin,sevin,,,,,
pcm-8-1,,pcm,8,het,het,,,,,
pcm-9-1,,pcm,9,nai,nai,,,,,
pcm-10-1,,pcm,10,ten,ten,,,,,
pcm-11-1,,pcm,11,elevin,elevin,,,,,
srd-0-1,,srd,0,zeru,zeru,,,,,
srd-1-1,,srd,1,unu,unu,,,,,
srd-2-1,,srd,2,duos,duos,,,,,
srd-3-1,,srd,3,tres,tres,,,,,
srd-4-1,,srd,4,battor,battor,,,,,
srd-5-1,,srd,5,chimbe,chimbe,,,,,
srd-6-1,,srd,6,ses,ses,,,,,
srd-7-1,,srd,7,sette,sette,,,,,
srd-8-1,,srd,8,otto,otto,,,,,
srd-9-1,,srd,9,nove,nove,,,,,
srd-10-1,,srd,10,deche,deche,,,,,
srd-11-1,,srd,11,undichi,undichi,,,,,
sna-0-1,,sna,0,hapana,hapana,,,,,
sna-1-1,,sna,1,potsi,potsi,,,,,
sna-2-1,,sna,2,piri,piri,,,,,
sna-3-1,,sna,3,tatu,tatu,,,,,
sna-4-1,,sna,4,ina,ina,,,,,
sna-5-1,,sna,5,shanu,shanu,,,,,
sna-6-1,,sna,6,tanhatu,tanhatu,,,,,
sna-7-1,,sna,7,nomwe,nomwe,,,,,
sna-8-1,,sna,8,sere,sere,,,,,
sna-9-1,,sna,9,pfumbamwe,pfumbamwe,,,,,
sna-10-1,,sna,10,gumi,gumi,,,,,
sna-11-1,,sna,11,gumi ne imwe,gumi ne imwe,,,,,
tts-0-1,,tts,0,ศูนย์,ศูนย์,,,,,
tts-1-1,,tts,1,นึง,นึง,,,,,
tts-2-1,,tts,2,สอง,สอง,,,,,
tts-3-1,,tts,3,สาม,สาม,,,,,
tts-4-1,,tts,4,ซี,ซี,,,,,
tts-5-1,,tts,5,ห่า,ห่า,,,,,
tts-6-1,,tts,6,ฮก,ฮก,,,,,
tts-7-1,,tts,7,เจ้ด,เจ้ด,,,,,
tts-8-1,,tts,8,แปด,แปด,,,,,
tts-9-1,,tts,9,เก้า,เก้า,,,,,
tts-10-1,,tts,10,ซิบ,ซิบ,,,,,
tts-11-1,,tts,11,ซิบ เอ้ด,ซิบ เอ้ด,,,,,
wrz-0-1,,wrz,0,sero,sero,,,,,
wrz-1-1,,wrz,1,uno,uno,,,,,
wrz-2-1,,wrz,2,dos,dos,,,,,
wrz-3-1,,wrz,3,tres,tres,,,,,
wrz-4-1,,wrz,4,kwatro,kwatro,,,,,
wrz-5-1,,wrz,5,singko,singko,,,,,
wrz-6-1,,wrz,6,sais,sais,,,,,
wrz-7-1,,wrz,7,syete,syete,,,,,
wrz-8-1,,wrz,8,otso,otso,,,,,
wrz-9-1,,wrz,9,nuybe,nuybe,,,,,
wrz-10-1,,wrz,10,dyes,dyes,,,,,
wrz-11-1,,wrz,11,onse,onse,,,,,
tha-0-1,,tha,0,ศูนย์,ศูนย์,,,,,
tha-1-1,,tha,1,หนึ่ง,หนึ่ง,,,,,
tha-2-1,,tha,2,สอง,สอง,,,,,
tha-3-1,,tha,3,สาม,สาม,,,,,
tha-4-1,,tha,4,สี่,สี่,,,,,
tha-5-1,,tha,5,ห้า,ห้า,,,,,
tha-6-1,,tha,6,หก,หก,,,,,
tha-7-1,,tha,7,เจ็ด,เจ็ด,,,,,
tha-8-1,,tha,8,แปด,แปด,,,,,
tha-9-1,,tha,9,เก้า,เก้า,,,,,
tha-10-1,,tha,10,สิบ,สิบ,,,,,
tha-11-1,,tha,11,สิบ เอ็ด,สิบ เอ็ด,,,,,
por_pt-0-1,,por_pt,0,zero,zero,,,,,
por_pt-1-1,,por_pt,1,um,um,,,,,
por_pt-2-1,,por_pt,2,dois,dois,,,,,
por_pt-3-1,,por_pt,3,três,três,,,,,
por_pt-4-1,,por_pt,4,quatro,quatro,,,,,
por_pt-5-1,,por_pt,5,cinco,cinco,,,,,
por_pt-6-1,,por_pt,6,seis,seis,,,,,
por_pt-7-1,,por_pt,7,sete,sete,,,,,
por_pt-8-1,,por_pt,8,oito,oito,,,,,
por_pt-9-1,,por_pt,9,nove,nove,,,,,
por_pt-10-1,,por_pt,10,dez,dez,,,,,
por_pt-11-1,,por_pt,11,onze,onze,,,,,
eus-0-1,,eus,0,zero,zero,,,,,
eus-1-1,,eus,1,bat,bat,,,,,
eus-2-1,,eus,2,bi,bi,,,,,
eus-3-1,,eus,3,hiru,hiru,,,,,
eus-4-1,,eus,4,lau,lau,,,,,
eus-5-1,,eus,5,bost,bost,,,,,
eus-6-1,,eus,6,sei,sei,,,,,
eus-7-1,,eus,7,zazpi,zazpi,,,,,
eus-8-1,,eus,8,zortzi,zortzi,,,,,
eus-9-1,,eus,9,bederatzi,bederatzi,,,,,
eus-10-1,,eus,10,hamar,hamar,,,,,
eus-11-1,,eus,11,hamaika,hamaika,,,,,
mkd-0-1,,mkd,0,нула,нула,,,,,
mkd-1-1,,mkd,1,еден,еден,,,,,
mkd-2-1,,mkd,2,два,два,,,,,
mkd-3-1,,mkd,3,три,три,,,,,
mkd-4-1,,mkd,4,четири,четири,,,,,
mkd-5-1,,mkd,5,пет,пет,,,,,
mkd-6-1,,mkd,6,шест,шест,,,,,
mkd-7-1,,mkd,7,седум,седум,,,,,
mkd-8-1,,mkd,8,осум,осум,,,,,
mkd-9-1,,mkd,9,девет,девет,,,,,
mkd-10-1,,mkd,10,десет,десет,,,,,
mkd-11-1,,mkd,11,единаесет,единаесет,,,,,
dcc-0-1,,dcc,0,صفر,صفر,,,,,
dcc-1-1,,dcc,1,ایک,ایک,,,,,
dcc-2-1,,dcc,2,دو,دو,,,,,
dcc-3-1,,dcc,3,تین,تین,,,,,
dcc-4-1,,dcc,4,چار,چار,,,,,
dcc-5-1,,dcc,5,پانچ,پانچ,,,,,
dcc-6-1,,dcc,6,چھ,چھ,,,,,
dcc-7-1,,dcc,7,سات,سات,,,,,
dcc-8-1,,dcc,8,آٹھ,آٹھ,,,,,
dcc-9-1,,dcc,9,نو,نو,,,,,
dcc-10-1,,dcc,10,دس,دس,,,,,
dcc-11-1,,dcc,11,گیارہ,گیارہ,,,,,
sot-0-1,,sot,0,noto,noto,,,,,
sot-1-1,,sot,1,nngwe,nngwe,,,,,
sot-2-1,,sot,2,pedi,pedi,,,,,
sot-3-1,,sot,3,tharo,tharo,,,,,
sot-4-1,,sot,4,nne,nne,,,,,
sot-5-1,,sot,5,hlano,hlano,,,,,
sot-6-1,,sot,6,tshelela,tshelela,,,,,
sot-7-1,,sot,7,supa,supa,,,,,
sot-8-1,,sot,8,robedi,robedi,,,,,
sot-9-1,,sot,9,robong,robong,,,,,
sot-10-1,,sot,10,leshome,leshome,,,,,
sot-11-1,,sot,11,leshome le mong,leshome le mong,,,,,
syl-0-1,,syl,0,শুইন্য,শুইন্য,,,,,
syl-1-1,,syl,1,এখ,এখ,,,,,
syl-2-1,,syl,2,দুই,দুই,,,,,
syl-3-1,,syl,3,তিন,তিন,,,,,
syl-4-1,,syl,4,ছাইর,ছাইর,,,,,
syl-5-1,,syl,5,ফাছ,ফাছ,,,,,
syl-6-1,,syl,6,ছয়,ছয়,,,,,
syl-7-1,,syl,7,সাত,সাত,,,,,
syl-8-1,,syl,8,আট,আট,,,,,
syl-9-1,,syl,9,নয়,নয়,,,,,
syl-10-1,,syl,10,দশ,দশ,,,,,
syl-11-1,,syl,11,এগারো,এগারো,,,,,
sqi-0-1,,sqi,0,zero,zero,,,,,
sqi-1-1,,sqi,1,një,një,,,,,
sqi-2-1,,sqi,2,dy,dy,,,,,
sqi-3-1,,sqi,3,tre,tre,,,,,
sqi-4-1,,sqi,4,katër,katër,,,,,
sqi-5-1,,sqi,5,pesë,pesë,,,,,
sqi-6-1,,sqi,6,gjashtë,gjashtë,,,,,
sqi-7-1,,sqi,7,shtatë,shtatë,,,,,
sqi-8-1,,sqi,8,tetë,tetë,,,,,
sqi-9-1,,sqi,9,nëntë,nëntë,,,,,
sqi-10-1,,sqi,10,dhjetë,dhjetë,,,,,
sqi-11-1,,sqi,11,njëmbëdhjetë,njëmbëdhjetë,,,,,
ilo-0-1,,ilo,0,awan,awan,,,,,
ilo-1-1,,ilo,1,maysa,maysa,,,,,
ilo-2-1,,ilo,2,dua,dua,,,,,
ilo-3-1,,ilo,3,tallo,tallo,,,,,
ilo-4-1,,ilo,4,uppat,uppat,,,,,
ilo-5-1,,ilo,5,lima,lima,,,,,
ilo-6-1,,ilo,6,innem,innem,,,,,
ilo-7-1,,ilo,7,pito,pito,,,,,
ilo-8-1,,ilo,8,walo,walo,,,,,
ilo-9-1,,ilo,9,siam,siam,,,,,
ilo-10-1,,ilo,10,pulo,pulo,,,,,
ilo-11-1,,ilo,11,pulo ket maysa,pulo ket maysa,,,,,
mag-0-1,,mag,0,शून्ना,शून्ना,,,,,
mag-1-1,,mag,1,एक,एक,,,,,
mag-2-1,,mag,2,दु,दु,,,,,
mag-3-1,,mag,3,तीन,तीन,,,,,
mag-4-1,,mag,4,चार,चार,,,,,
mag-5-1,,mag,5,पांच,पांच,,,,,
mag-6-1,,mag,6,छौ,छौ,,,,,
mag-7-1,,mag,7,सात,सात,,,,,
mag-8-1,,mag,8,आठ,आठ,,,,,
mag-9-1,,mag,9,नौ,नौ,,,,,
mag-10-1,,mag,10,दस,दस,,,,,
mag-11-1,,mag,11,एगारह,एगारह,,,,,
fry-0-1,,fry,0,nul,nul,,,,,
fry-1-1,,fry,1,ien,ien,,,,,
fry-2-1,,fry,2,twa,twa,,,,,
fry-3-1,,fry,3,trije,trije,,,,,
fry-4-1,,fry,4,fjouwer,fjouwer,,,,,
fry-5-1,,fry,5,fiif,fiif,,,,,
fry-6-1,,fry,6,seis,seis,,,,,
fry-7-1,,fry,7,sân,sân,,,,,
fry-8-1,,fry,8,acht,acht,,,,,
fry-9-1,,fry,9,njoggen,njoggen,,,,,
fry-10-1,,fry,10,tsien,tsien,,,,,
fry-11-1,,fry,11,alve,alve,,,,,
xho-0-1,,xho,0,unothi,unothi,,,,,
xho-1-1,,xho,1,nye,nye,,,,,
xho-2-1,,xho,2,mbini,mbini,,,,,
xho-3-1,,xho,3,nthathu,nthathu,,,,,
xho-4-1,,xho,4,ne,ne,,,,,
xho-5-1,,xho,5,ntlanu,ntlanu,,,,,
xho-6-1,,xho,6,nthandathu,nthandathu,,,,,
xho-7-1,,xho,7,sixhenxe,sixhenxe,,,,,
xho-8-1,,xho,8,sibhozo,sibhozo,,,,,
xho-9-1,,xho,9,thoba,thoba,,,,,
xho-10-1,,xho,10,ishumi,ishumi,,,,,
xho-11-1,,xho,11,ishumi elina nye,ishumi elina nye,,,,,
ctg-0-1,,ctg,0,শইন্নু,শইন্নু,,,,,
ctg-1-1,,ctg,1,এক,এক,,,,,
ctg-2-1,,ctg,2,দুই,দুই,,,,,
ctg-3-1,,ctg,3,তিন,তিন,,,,,
ctg-4-1,,ctg,4,চাইর,চাইর,,,,,
ctg-5-1,,ctg,5,ফাচঁ,ফাচঁ,,,,,
ctg-6-1,,ctg,6,ছ,ছ,,,,,
ctg-7-1,,ctg,7,সাত,সাত,,,,,
ctg-8-1,,ctg,8,আট,আট,,,,,
ctg-9-1,,ctg,9,ন,ন,,,,,
ctg-10-1,,ctg,10,দশ,দশ,,,,,
ctg-11-1,,ctg,11,এগারো,এগারো,,,,,
pol-0-1,,pol,0,zero,zero,,,,,
pol-1-1,,pol,1,jeden,jeden,,,,,
pol-2-1,,pol,2,dwa,dwa,,,,,
pol-3-1,,pol,3,trzy,trzy,,,,,
pol-4-1,,pol,4,cztery,cztery,,,,,
pol-5-1,,pol,5,pięć,pięć,,,,,
pol-6-1,,pol,6,sześć,sześć,,,,,
pol-7-1,,pol,7,siedem,siedem,,,,,
pol-8-1,,pol,8,osiem,osiem,,,,,
pol-9-1,,pol,9,dziewięć,dziewięć,,,,,
pol-10-1,,pol,10,dziesięć,dziesięć,,,,,
pol-11-1,,pol,11,jedenaście,jedenaście,,,,,
hmn-0-1,,hmn,0,xoom,xoom,,,,,
hmn-1-1,,hmn,1,ib,ib,,,,,
hmn-2-1,,hmn,2,ob,ob,,,,,
hmn-3-1,,hmn,3,peb,peb,,,,,
hmn-4-1,,hmn,4,plaub,plaub,,,,,
hmn-5-1,,hmn,5,tsib,tsib,,,,,
hmn-6-1,,hmn,6,rau,rau,,,,,
hmn-7-1,,hmn,7,xya,xya,,,,,
hmn-8-1,,hmn,8,yim,yim,,,,,
hmn-9-1,,hmn,9,cuaj,cuaj,,,,,
hmn-10-1,,hmn,10,kaum,kaum,,,,,
hmn-11-1,,hmn,11,kaum ib,kaum ib,,,,,
mak-0-1,,mak,0,nolo,nolo,,,,,
mak-1-1,,mak,1,se're,se're,,,,,
mak-2-1,,mak,2,rua,rua,,,,,
mak-3-1,,mak,3,tallu,tallu,,,,,
mak-4-1,,mak,4,appa,appa,,,,,
mak-5-1,,mak,5,lima,lima,,,,,
mak-6-1,,mak,6,annang,annang,,,,,
mak-7-1,,mak,7,tuju,tuju,,,,,
mak-8-1,,mak,8,sagantuju,sagantuju,,,,,
mak-9-1,,mak,9,salapang,salapang,,,,,
mak-10-1,,mak,10,sampulo,sampulo,,,,,
mak-11-1,,mak,11,sampulo se're,sampulo se're,,,,,
bam-0-1,,bam,0,fu,fu,,,,,
bam-1-1,,bam,1,kelen,kelen,,,,,
bam-2-1,,bam,2,fila,fila,,,,,
bam-3-1,,bam,3,saba,saba,,,,,
bam-4-1,,bam,4,naani,naani,,,,,
bam-5-1,,bam,5,duuru,duuru,,,,,
bam-6-1,,bam,6,wɔɔrɔ,wɔɔrɔ,,,,,
bam-7-1,,bam,7,wolonwula,wolonwula,,,,,
bam-8-1,,bam,8,segin,segin,,,,,
bam-9-1,,bam,9,kɔnɔntɔn,kɔnɔntɔn,,,,,
bam-10-1,,bam,10,tan,tan,,,,,
bam-11-1,,bam,11,tan ni kelen,tan ni kelen,,,,,
bar-0-1,,bar,0,nui,nui,,,,,
bar-1-1,,bar,1,oans,oans,,,,,
bar-2-1,,bar,2,zwoa,zwoa,,,,,
bar-3-1,,bar,3,drei,drei,,,,,
bar-4-1,,bar,4,vier,vier,,,,,
bar-5-1,,bar,5,fünf,fünf,,,,,
bar-6-1,,bar,6,sechs,sechs,,,,,
bar-7-1,,bar,7,siem,siem,,,,,
bar-8-1,,bar,8,ocht,ocht,,,,,
bar-9-1,,bar,9,nein,nein,,,,,
bar-10-1,,bar,10,zehn,zehn,,,,,
bar-11-1,,bar,11,eife,eife,,,,,
min-0-1,,min,0,nol,nol,,,,,
min-1-1,,min,1,ciek,ciek,,,,,
min-2-1,,min,2,duo,duo,,,,,
min-3-1,,min,3,tigo,tigo,,,,,
min-4-1,,min,4,ampek,ampek,,,,,
min-5-1,,min,5,limo,limo,,,,,
min-6-1,,min,6,anam,anam,,,,,
min-7-1,,min,7,tujuah,tujuah,,,,,
min-8-1,,min,8,lapan,lapan,,,,,
min-9-1,,min,9,sambilan,sambilan,,,,,
min-10-1,,min,10,puluah,puluah,,,,,
min-11-1,,min,11,puluah satu,puluah satu,,,,,
guj-0-1,,guj,0,શૂન્ય,શૂન્ય,,,,,
guj-1-1,,guj,1,એક,એક,,,,,
guj-2-1,,guj,2,બે,બે,,,,,
guj-3-1,,guj,3,ત્રણ,ત્રણ,,,,,
guj-4-1,,guj,4,ચાર,ચાર,,,,,
guj-5-1,,guj,5,પાંચ,પાંચ,,,,,
guj-6-1,,guj,6,છ,છ,,,,,
guj-7-1,,guj,7,સાત,સાત,,,,,
guj-8-1,,guj,8,આઠ,આઠ,,,,,
guj-9-1,,guj,9,નવ,નવ,,,,,
guj-10-1,,guj,10,દસ,દસ,,,,,
guj-11-1,,guj,11,અગિયાર,અગિયાર,,,,,
gla-0-1,,gla,0,neoni,neoni,,,,,
gla-1-1,,gla,1,aon,aon,,,,,
gla-2-1,,gla,2,dhà,dhà,,,,,
gla-3-1,,gla,3,trì,trì,,,,,
gla-4-1,,gla,4,ceithir,ceithir,,,,,
gla-5-1,,gla,5,còig,còig,,,,,
gla-6-1,,gla,6,sia,sia,,,,,
gla-7-1,,gla,7,seachd,seachd,,,,,
gla-8-1,,gla,8,ochd,ochd,,,,,
gla-9-1,,gla,9,naoi,naoi,,,,,
gla-10-1,,gla,10,deich,deich,,,,,
gla-11-1,,gla,11,deich aon,deich aon,,,,,
hye-0-1,,hye,0,զրո,զրո,,,,,
hye-1-1,,hye,1,մեկ,մեկ,,,,,
hye-2-1,,hye,2,երկու,երկու,,,,,
hye-3-1,,hye,3,երեք,երեք,,,,,
hye-4-1,,hye,4,չորս,չորս,,,,,
hye-5-1,,hye,5,հինգ,հինգ,,,,,
hye-6-1,,hye,6,վեց,վեց,,,,,
hye-7-1,,hye,7,յոթ,յոթ,,,,,
hye-8-1,,hye,8,ութ,ութ,,,,,
hye-9-1,,hye,9,ինը,ինը,,,,,
hye-10-1,,hye,10,տաս,տաս,,,,,
hye-11-1,,hye,11,տասնմեկ,տասնմեկ,,,,,
vie_north-0-1,,vie_north,0,không,không,,,,,
vie_north-1-1,,vie_north,1,một,một,,,,,
vie_north-2-1,,vie_north,2,hai,hai,,,,,
vie_north-3-1,,vie_north,3,ba,ba,,,,,
vie_north-4-1,,vie_north,4,bốn,bốn,,,,,
vie_north-5-1,,vie_north,5,năm,năm,,,,,
vie_north-6-1,,vie_north,6,sáu,sáu,,,,,
vie_north-7-1,,vie_north,7,bảy,bảy,,,,,
vie_north-8-1,,vie_north,8,tám,tám,,,,,
vie_north-9-1,,vie_north,9,chín,chín,,,,,
vie_north-10-1,,vie_north,10,mười,mười,,,,,
vie_north-11-1,,vie_north,11,mười một,mười một,,,,,
heb_with_diacritics-0-1,,heb_with_diacritics,0,אֶפֶס,אֶפֶס,,,,,
heb_with_diacritics-1-1,,heb_with_diacritics,1,אַחַת,אַחַת,,,,,
heb_with_diacritics-2-1,,heb_with_diacritics,2,שְׁתַּיִם,שְׁתַּיִם,,,,,
heb_with_diacritics-3-1,,heb_with_diacritics,3,שָׁלוֹשׁ,שָׁלוֹשׁ,,,,,
heb_with_diacritics-4-1,,heb_with_diacritics,4,אַרְבַּע,אַרְבַּע,,,,,
heb_with_diacritics-5-1,,heb_with_diacritics,5,חָמֵשׁ,חָמֵשׁ,,,,,
heb_with_diacritics-6-1,,heb_with_diacritics,6,שֵׁשׁ,שֵׁשׁ,,,,,
heb_with_diacritics-7-1,,heb_with_diacritics,7,שֶׁבַע,שֶׁבַע,,,,,
heb_with_diacritics-8-1,,heb_with_diacritics,8,שְׁמוֹנֶה,שְׁמוֹנֶה,,,,,
heb_with_diacritics-9-1,,heb_with_diacritics,9,תֵּשַׁע,תֵּשַׁע,,,,,
heb_with_diacritics-10-1,,heb_with_diacritics,10,עֶשֶׂר,עֶשֶׂר,,,,,
heb_with_diacritics-11-1,,heb_with_diacritics,11,אַחַת עֶשְׂרֵה,אַחַת עֶשְׂרֵה,,,,,
bel-0-1,,bel,0,нуль,нуль,,,,,
bel-1-1,,bel,1,адзін,адзін,,,,,
bel-2-1,,bel,2,два,два,,,,,
bel-3-1,,bel,3,тры,тры,,,,,
bel-4-1,,bel,4,чатыры,чатыры,,,,,
bel-5-1,,bel,5,пяць,пяць,,,,,
bel-6-1,,bel,6,шэсць,шэсць,,,,,
bel-7-1,,bel,7,сем,сем,,,,,
bel-8-1,,bel,8,восем,восем,,,,,
bel-9-1,,bel,9,дзевяць,дзевяць,,,,,
bel-10-1,,bel,10,дзесяць,дзесяць,,,,,
bel-11-1,,bel,11,адзінаццаць,адзінаццаць,,,,,
wol-0-1,,wol,0,dara,dara,,,,,
wol-1-1,,wol,1,benn,benn,,,,,
wol-2-1,,wol,2,ñaar,ñaar,,,,,
wol-3-1,,wol,3,ñett,ñett,,,,,
wol-4-1,,wol,4,ñeent,ñeent,,,,,
wol-5-1,,wol,5,juróom,juróom,,,,,
wol-6-1,,wol,6,juróom benn,juróom benn,,,,,
wol-7-1,,wol,7,juróom ñaar,juróom ñaar,,,,,
wol-8-1,,wol,8,juróom ñett,juróom ñett,,,,,
wol-9-1,,wol,9,juróom ñeent,juróom ñeent,,,,,
wol-10-1,,wol,10,fukk,fukk,,,,,
wol-11-1,,wol,11,fukk ak benn,fukk ak benn,,,,,
dzo-0-1,,dzo,0,ཀླད་ཀོར་,ཀླད་ཀོར་,,,,,
dzo-1-1,,dzo,1,གཅིག་,གཅིག་,,,,,
dzo-2-1,,dzo,2,གཉིས་,གཉིས་,,,,,
dzo-3-1,,dzo,3,གསུམ་,གསུམ་,,,,,
dzo-4-1,,dzo,4,བཞི་,བཞི་,,,,,
dzo-5-1,,dzo,5,ལྔ་,ལྔ་,,,,,
dzo-6-1,,dzo,6,དྲུག་,དྲུག་,,,,,
dzo-7-1,,dzo,7,བདུན་,བདུན་,,,,,
dzo-8-1,,dzo,8,བརྒྱད་,བརྒྱད་,,,,,
dzo-9-1,,dzo,9,དགུ་,དགུ་,,,,,
dzo-10-1,,dzo,10,བཅུ་ ཐམ་,བཅུ་ ཐམ་,,,,,
dzo-11-1,,dzo,11,བཅུ་ གཅིག་,བཅུ་ གཅིག་,,,,,
cmn_traditional-0-1,,cmn_traditional,0,零,零,,,,,
cmn_traditional-1-1,,cmn_traditional,1,一,一,,,,,
cmn_traditional-2-1,,cmn_traditional,2,二,二,,,,,
cmn_traditional-3-1,,cmn_traditional,3,三,三,,,,,
cmn_traditional-4-1,,cmn_traditional,4,四,四,,,,,
cmn_traditional-5-1,,cmn_traditional,5,五,五,,,,,
cmn_traditional-6-1,,cmn_traditional,6,六,六,,,,,
cmn_traditional-7-1,,cmn_traditional,7,七,七,,,,,
cmn_traditional-8-1,,cmn_traditional,8,八,八,,,,,
cmn_traditional-9-1,,cmn_traditional,9,九,九,,,,,
cmn_traditional-10-1,,cmn_traditional,10,十,十,,,,,
cmn_traditional-11-1,,cmn_traditional,11,十一,十一,,,,,
eng_us-0-1,,eng_us,0,zero,zero,,,,,
eng_us-1-1,,eng_us,1,one,one,,,,,
eng_us-2-1,,eng_us,2,two,two,,,,,
eng_us-3-1,,eng_us,3,three,three,,,,,
eng_us-4-1,,eng_us,4,four,four,,,,,
eng_us-5-1,,eng_us,5,five,five,,,,,
eng_us-6-1,,eng_us,6,six,six,,,,,
eng_us-7-1,,eng_us,7,seven,seven,,,,,
eng_us-8-1,,eng_us,8,eight,eight,,,,,
eng_us-9-1,,eng_us,9,nine,nine,,,,,
eng_us-10-1,,eng_us,10,ten,ten,,,,,
eng_us-11-1,,eng_us,11,eleven,eleven,,,,,
mri-0-1,,mri,0,kore,kore,,,,,
mri-1-1,,mri,1,tahi,tahi,,,,,
mri-2-1,,mri,2,rua,rua,,,,,
mri-3-1,,mri,3,toru,toru,,,,,
mri-4-1,,mri,4,whā,whā,,,,,
mri-5-1,,mri,5,rima,rima,,,,,
mri-6-1,,mri,6,ono,ono,,,,,
mri-7-1,,mri,7,whitu,whitu,,,,,
mri-8-1,,mri,8,waru,waru,,,,,
mri-9-1,,mri,9,iwa,iwa,,,,,
mri-10-1,,mri,10,tekau,tekau,,,,,
mri-11-1,,mri,11,tekau mā tahi,tekau mā tahi,,,,,
arb-0-1,,arb,0,صِفْرً,صِفْرً,,,,,
arb-1-1,,arb,1,واحِدً,واحِدً,,,,,
arb-2-1,,arb,2,اِثْنانِ,اِثْنانِ,,,,,
arb-3-1,,arb,3,ثَلاثً,ثَلاثً,,,,,
arb-4-1,,arb,4,أَرْبَعً,أَرْبَعً,,,,,
arb-5-1,,arb,5,خَمْسً,خَمْسً,,,,,
arb-6-1,,arb,6,سِتًّ,سِتًّ,,,,,
arb-7-1,,arb,7,سَبْعً,سَبْعً,,,,,
arb-8-1,,arb,8,ثَمانً,ثَمانً,,,,,
arb-9-1,,arb,9,تِسْعً,تِسْعً,,,,,
arb-10-1,,arb,10,عَشَرً,عَشَرً,,,,,
arb-11-1,,arb,11,أَحَدَ عَشَرَ,أَحَدَ عَشَرَ,,,,,
gle-0-1,,gle,0,náid,náid,,,,,
gle-1-1,,gle,1,a haon,a haon,,,,,
gle-2-1,,gle,2,a dó,a dó,,,,,
gle-3-1,,gle,3,a trí,a trí,,,,,
gle-4-1,,gle,4,a ceathair,a ceathair,,,,,
gle-5-1,,gle,5,a cúig,a cúig,,,,,
gle-6-1,,gle,6,a sé,a sé,,,,,
gle-7-1,,gle,7,a seacht,a seacht,,,,,
gle-8-1,,gle,8,a hocht,a hocht,,,,,
gle-9-1,,gle,9,a naoi,a naoi,,,,,
gle-10-1,,gle,10,a deich,a deich,,,,,
gle-11-1,,gle,11,a haon déag,a haon déag,,,,,
skr_no_diacritics-0-1,,skr_no_diacritics,0,صفر,صفر,,,,,
skr_no_diacritics-1-1,,skr_no_diacritics,1,ہک,ہک,,,,,
skr_no_diacritics-2-1,,skr_no_diacritics,2,ݙو,ݙو,,,,,
skr_no_diacritics-3-1,,skr_no_diacritics,3,تراے,تراے,,,,,
skr_no_diacritics-4-1,,skr_no_diacritics,4,چار,چار,,,,,
skr_no_diacritics-5-1,,skr_no_diacritics,5,پنڄ,پنڄ,,,,,
skr_no_diacritics-6-1,,skr_no_diacritics,6,چھی,چھی,,,,,
skr_no_diacritics-7-1,,skr_no_diacritics,7,ست,ست,,,,,
skr_no_diacritics-8-1,,skr_no_diacritics,8,اٹھ,اٹھ,,,,,
skr_no_diacritics-9-1,,skr_no_diacritics,9,ناؤں,ناؤں,,,,,
skr_no_diacritics-10-1,,skr_no_diacritics,10,ݙا,ݙا,,,,,
skr_no_diacritics-11-1,,skr_no_diacritics,11,یاحراں,یاحراں,,,,,
uig-0-1,,uig,0,نۆل,نۆل,,,,,
uig-1-1,,uig,1,بىر,بىر,,,,,
uig-2-1,,uig,2,ئىككى,ئىككى,,,,,
uig-3-1,,uig,3,ئۈچ,ئۈچ,,,,,
uig-4-1,,uig,4,تۆت,تۆت,,,,,
uig-5-1,,uig,5,بەش,بەش,,,,,
uig-6-1,,uig,6,ئالتە,ئالتە,,,,,
uig-7-1,,uig,7,يەتتە,يەتتە,,,,,
uig-8-1,,uig,8,سەككىز,سەككىز,,,,,
uig-9-1,,uig,9,توققۇز,توققۇز,,,,,
uig-10-1,,uig,10,ئون,ئون,,,,,
uig-11-1,,uig,11,ئون بىر,ئون بىر,,,,,
deu-0-1,,deu,0,null,null,,,,,
deu-1-1,,deu,1,eins,eins,,,,,
deu-2-1,,deu,2,zwei,zwei,,,,,
deu-3-1,,deu,3,drei,drei,,,,,
deu-4-1,,deu,4,vier,vier,,,,,
deu-5-1,,deu,5,fünf,fünf,,,,,
deu-6-1,,deu,6,sechs,sechs,,,,,
deu-7-1,,deu,7,sieben,sieben,,,,,
deu-8-1,,deu,8,acht,acht,,,,,
deu-9-1,,deu,9,neun,neun,,,,,
deu-10-1,,deu,10,zehn,zehn,,,,,
deu-11-1,,deu,11,elf,elf,,,,,
cym-0-1,,cym,0,dim,dim,,,,,
cym-1-1,,cym,1,un,un,,,,,
cym-2-1,,cym,2,dau,dau,,,,,
cym-3-1,,cym,3,tri,tri,,,,,
cym-4-1,,cym,4,pedwar,pedwar,,,,,
cym-5-1,,cym,5,pump,pump,,,,,
cym-6-1,,cym,6,chwech,chwech,,,,,
cym-7-1,,cym,7,saith,saith,,,,,
cym-8-1,,cym,8,wyth,wyth,,,,,
cym-9-1,,cym,9,naw,naw,,,,,
cym-10-1,,cym,10,deg,deg,,,,,
cym-11-1,,cym,11,un deg un,un deg un,,,,,
kin-0-1,,kin,0,zeru,zeru,,,,,
kin-1-1,,kin,1,rimwe,rimwe,,,,,
kin-2-1,,kin,2,kabiri,kabiri,,,,,
kin-3-1,,kin,3,gatatu,gatatu,,,,,
kin-4-1,,kin,4,kane,kane,,,,,
kin-5-1,,kin,5,gatanu,gatanu,,,,,
kin-6-1,,kin,6,gatandatu,gatandatu,,,,,
kin-7-1,,kin,7,karindwi,karindwi,,,,,
kin-8-1,,kin,8,umunani,umunani,,,,,
kin-9-1,,kin,9,icyenda,icyenda,,,,,
kin-10-1,,kin,10,icumi,icumi,,,,,
kin-11-1,,kin,11,cumi na rimwe,cumi na rimwe,,,,,
tur-0-1,,tur,0,sıfır,sıfır,,,,,
tur-1-1,,tur,1,bir,bir,,,,,
tur-2-1,,tur,2,iki,iki,,,,,
tur-3-1,,tur,3,üç,üç,,,,,
tur-4-1,,tur,4,dört,dört,,,,,
tur-5-1,,tur,5,beş,beş,,,,,
tur-6-1,,tur,6,altı,altı,,,,,
tur-7-1,,tur,7,yedi,yedi,,,,,
tur-8-1,,tur,8,sekiz,sekiz,,,,,
tur-9-1,,tur,9,dokuz,dokuz,,,,,
tur-10-1,,tur,10,on,on,,,,,
tur-11-1,,tur,11,on bir,on bir,,,,,
vec-0-1,,vec,0,zero,zero,,,,,
vec-1-1,,vec,1,uno,uno,,,,,
vec-2-1,,vec,2,dù,dù,,,,,
vec-3-1,,vec,3,trì,trì,,,,,
vec-4-1,,vec,4,quàtro,quàtro,,,,,
vec-5-1,,vec,5,sìnque,sìnque,,,,,
vec-6-1,,vec,6,siè,siè,,,,,
vec-7-1,,vec,7,sète,sète,,,,,
vec-8-1,,vec,8,òto,òto,,,,,
vec-9-1,,vec,9,nove,nove,,,,,
vec-10-1,,vec,10,dièse,dièse,,,,,
vec-11-1,,vec,11,ùndese,ùndese,,,,,
jav-0-1,,jav,0,nul,nul,,,,,
jav-1-1,,jav,1,siji,siji,,,,,
jav-2-1,,jav,2,loro,loro,,,,,
jav-3-1,,jav,3,telu,telu,,,,,
jav-4-1,,jav,4,papat,papat,,,,,
jav-5-1,,jav,5,lima,lima,,,,,
jav-6-1,,jav,6,enem,enem,,,,,
jav-7-1,,jav,7,pitu,pitu,,,,,
jav-8-1,,jav,8,wolu,wolu,,,,,
jav-9-1,,jav,9,sanga,sanga,,,,,
jav-10-1,,jav,10,sepuluh,sepuluh,,,,,
jav-11-1,,jav,11,sepuluh siji,sepuluh siji,,,,,
est-0-1,,est,0,null,null,,,,,
est-1-1,,est,1,üks,üks,,,,,
est-2-1,,est,2,kaks,kaks,,,,,
est-3-1,,est,3,kolm,kolm,,,,,
est-4-1,,est,4,neli,neli,,,,,
est-5-1,,est,5,viis,viis,,,,,
est-6-1,,est,6,kuus,kuus,,,,,
est-7-1,,est,7,seitse,seitse,,,,,
est-8-1,,est,8,kaheksa,kaheksa,,,,,
est-9-1,,est,9,üheksa,üheksa,,,,,
est-10-1,,est,10,kümme,kümme,,,,,
est-11-1,,est,11,üks teist,üks teist,,,,,
swe-0-1,,swe,0,noll,noll,,,,,
swe-1-1,,swe,1,ett,ett,,,,,
swe-2-1,,swe,2,två,två,,,,,
swe-3-1,,swe,3,tre,tre,,,,,
swe-4-1,,swe,4,fyra,fyra,,,,,
swe-5-1,,swe,5,fem,fem,,,,,
swe-6-1,,swe,6,sex,sex,,,,,
swe-7-1,,swe,7,sju,sju,,,,,
swe-8-1,,swe,8,åtta,åtta,,,,,
swe-9-1,,swe,9,nio,nio,,,,,
swe-10-1,,swe,10,tio,tio,,,,,
swe-11-1,,swe,11,elva,elva,,,,,
ell-0-1,,ell,0,μηδέν,μηδέν,,,,,
ell-1-1,,ell,1,ένα,ένα,,,,,
ell-2-1,,ell,2,δύο,δύο,,,,,
ell-3-1,,ell,3,τρία,τρία,,,,,
ell-4-1,,ell,4,τέσσερα,τέσσερα,,,,,
ell-5-1,,ell,5,πέντε,πέντε,,,,,
ell-6-1,,ell,6,έξι,έξι,,,,,
ell-7-1,,ell,7,επτά,επτά,,,,,
ell-8-1,,ell,8,οκτώ,οκτώ,,,,,
ell-9-1,,ell,9,εννέα,εννέα,,,,,
ell-10-1,,ell,10,δέκα,δέκα,,,,,
ell-11-1,,ell,11,έντεκα,έντεκα,,,,,
scn-0-1,,scn,0,zeru,zeru,,,,,
scn-1-1,,scn,1,unu,unu,,,,,
scn-2-1,,scn,2,dui,dui,,,,,
scn-3-1,,scn,3,tri,tri,,,,,
scn-4-1,,scn,4,quattru,quattru,,,,,
scn-5-1,,scn,5,cincu,cincu,,,,,
scn-6-1,,scn,6,sei,sei,,,,,
scn-7-1,,scn,7,setti,setti,,,,,
scn-8-1,,scn,8,ottu,ottu,,,,,
scn-9-1,,scn,9,novi,novi,,,,,
scn-10-1,,scn,10,deci,deci,,,,,
scn-11-1,,scn,11,unnici,unnici,,,,,
mwr-0-1,,mwr,0,शून्य,शून्य,,,,,
mwr-1-1,,mwr,1,एक,एक,,,,,
mwr-2-1,,mwr,2,दो,दो,,,,,
mwr-3-1,,mwr,3,तीन,तीन,,,,,
mwr-4-1,,mwr,4,चार,चार,,,,,
mwr-5-1,,mwr,5,पाँच,पाँच,,,,,
mwr-6-1,,mwr,6,छह,छह,,,,,
mwr-7-1,,mwr,7,सात,सात,,,,,
mwr-8-1,,mwr,8,आठ,आठ,,,,,
mwr-9-1,,mwr,9,नौ,नौ,,,,,
mwr-10-1,,mwr,10,दस,दस,,,,,
mwr-11-1,,mwr,11,ग्यारह,ग्यारह,,,,,
pus-0-1,,pus,0,صفر,صفر,,,,,
pus-1-1,,pus,1,یو,یو,,,,,
pus-2-1,,pus,2,دوه,دوه,,,,,
pus-3-1,,pus,3,درې,درې,,,,,
pus-4-1,,pus,4,څلور,څلور,,,,,
pus-5-1,,pus,5,پنځه,پنځه,,,,,
pus-6-1,,pus,6,شپږ,شپږ,,,,,
pus-7-1,,pus,7,اووه,اووه,,,,,
pus-8-1,,pus,8,اته,اته,,,,,
pus-9-1,,pus,9,نهه,نهه,,,,,
pus-10-1,,pus,10,لس,لس,,,,,
pus-11-1,,pus,11,یو لس,یو لس,,,,,
mai-0-1,,mai,0,सुन्य,सुन्य,,,,,
mai-1-1,,mai,1,एक,एक,,,,,
mai-2-1,,mai,2,दुई,दुई,,,,,
mai-3-1,,mai,3,तीन,तीन,,,,,
mai-4-1,,mai,4,चारि,चारि,,,,,
mai-5-1,,mai,5,पाँच,पाँच,,,,,
mai-6-1,,mai,6,छौ,छौ,,,,,
mai-7-1,,mai,7,सात,सात,,,,,
mai-8-1,,mai,8,आठ,आठ,,,,,
mai-9-1,,mai,9,नौ,नौ,,,,,
mai-10-1,,mai,10,दस,दस,,,,,
mai-11-1,,mai,11,एगारह,एगारह,,,,,
cat_es-0-1,,cat_es,0,zero,zero,,,,,
cat_es-1-1,,cat_es,1,un,un,,,,,
cat_es-2-1,,cat_es,2,dos,dos,,,,,
cat_es-3-1,,cat_es,3,tres,tres,,,,,
cat_es-4-1,,cat_es,4,quatre,quatre,,,,,
cat_es-5-1,,cat_es,5,cinc,cinc,,,,,
cat_es-6-1,,cat_es,6,sis,sis,,,,,
cat_es-7-1,,cat_es,7,set,set,,,,,
cat_es-8-1,,cat_es,8,vuit,vuit,,,,,
cat_es-9-1,,cat_es,9,nou,nou,,,,,
cat_es-10-1,,cat_es,10,deu,deu,,,,,
cat_es-11-1,,cat_es,11,onze,onze,,,,,
yor-0-1,,yor,0,òdo,òdo,,,,,
yor-1-1,,yor,1,ọ̀kan,ọ̀kan,,,,,
yor-2-1,,yor,2,èjì,èjì,,,,,
yor-3-1,,yor,3,ẹ̀ta,ẹ̀ta,,,,,
yor-4-1,,yor,4,ẹ̀rin,ẹ̀rin,,,,,
yor-5-1,,yor,5,àrún,àrún,,,,,
yor-6-1,,yor,6,ẹ̀fà,ẹ̀fà,,,,,
yor-7-1,,yor,7,èje,èje,,,,,
yor-8-1,,yor,8,ẹ̀jọ,ẹ̀jọ,,,,,
yor-9-1,,yor,9,ẹ̀sán,ẹ̀sán,,,,,
yor-10-1,,yor,10,ẹ̀wá,ẹ̀wá,,,,,
yor-11-1,,yor,11,ọ̀kànlá,ọ̀kànlá,,,,,
ful-0-1,,ful,0,hoonde,hoonde,,,,,
ful-1-1,,ful,1,go'o,go'o,,,,,
ful-2-1,,ful,2,ɗiɗi,ɗiɗi,,,,,
ful-3-1,,ful,3,tati,tati,,,,,
ful-4-1,,ful,4,nayi,nayi,,,,,
ful-5-1,,ful,5,jowi,jowi,,,,,
ful-6-1,,ful,6,joweego'o,joweego'o,,,,,
ful-7-1,,ful,7,joweeɗiɗi,joweeɗiɗi,,,,,
ful-8-1,,ful,8,joweetati,joweetati,,,,,
ful-9-1,,ful,9,joweenayi,joweenayi,,,,,
ful-10-1,,ful,10,sappo,sappo,,,,,
ful-11-1,,ful,11,sappo e go'o,sappo e go'o,,,,,
haw-0-1,,haw,0,ʻole,ʻole,,,,,
haw-1-1,,haw,1,ʻekahi,ʻekahi,,,,,
haw-2-1,,haw,2,ʻelua,ʻelua,,,,,
haw-3-1,,haw,3,ʻekolu,ʻekolu,,,,,
haw-4-1,,haw,4,ʻehā,ʻehā,,,,,
haw-5-1,,haw,5,ʻelima,ʻelima,,,,,
haw-6-1,,haw,6,ʻeono,ʻeono,,,,,
haw-7-1,,haw,7,ʻehiku,ʻehiku,,,,,
haw-8-1,,haw,8,ʻewalu,ʻewalu,,,,,
haw-9-1,,haw,9,ʻeiwa,ʻeiwa,,,,,
haw-10-1,,haw,10,ʻumi,ʻumi,,,,,
haw-11-1,,haw,11,ʻumi kūmā kahi,ʻumi kūmā kahi,,,,,
slk-0-1,,slk,0,nula,nula,,,,,
slk-1-1,,slk,1,jeden,jeden,,,,,
slk-2-1,,slk,2,dva,dva,,,,,
slk-3-1,,slk,3,tri,tri,,,,,
slk-4-1,,slk,4,štyri,štyri,,,,,
slk-5-1,,slk,5,päť,päť,,,,,
slk-6-1,,slk,6,šesť,šesť,,,,,
slk-7-1,,slk,7,sedem,sedem,,,,,
slk-8-1,,slk,8,osem,osem,,,,,
slk-9-1,,slk,9,deväť,deväť,,,,,
slk-10-1,,slk,10,desať,desať,,,,,
slk-11-1,,slk,11,jedenásť,jedenásť,,,,,
pam-0-1,,pam,0,ala,ala,,,,,
pam-1-1,,pam,1,metung,metung,,,,,
pam-2-1,,pam,2,adwa,adwa,,,,,
pam-3-1,,pam,3,atlu,atlu,,,,,
pam-4-1,,pam,4,apat,apat,,,,,
pam-5-1,,pam,5,lima,lima,,,,,
pam-6-1,,pam,6,anam,anam,,,,,
pam-7-1,,pam,7,pitu,pitu,,,,,
pam-8-1,,pam,8,walu,walu,,,,,
pam-9-1,,pam,9,syam,syam,,,,,
pam-10-1,,pam,10,apulu,apulu,,,,,
pam-11-1,,pam,11,labing metung,labing metung,,,,,
mup-0-1,,mup,0,शून्य,शून्य,,,,,
mup-1-1,,mup,1,एक,एक,,,,,
mup-2-1,,mup,2,दो,दो,,,,,
mup-3-1,,mup,3,तीन,तीन,,,,,
mup-4-1,,mup,4,चार,चार,,,,,
mup-5-1,,mup,5,पांच,पांच,,,,,
mup-6-1,,mup,6,छः,छः,,,,,
mup-7-1,,mup,7,सात,सात,,,,,
mup-8-1,,mup,8,आठ,आठ,,,,,
mup-9-1,,mup,9,नौ,नौ,,,,,
mup-10-1,,mup,10,दस,दस,,,,,
mup-11-1,,mup,11,ग्यारह,ग्यारह,,,,,
tat-0-1,,tat,0,ноль,ноль,,,,,
tat-1-1,,tat,1,бер,бер,,,,,
tat-2-1,,tat,2,ике,ике,,,,,
tat-3-1,,tat,3,өч,өч,,,,,
tat-4-1,,tat,4,дүрт,дүрт,,,,,
tat-5-1,,tat,5,биш,биш,,,,,
tat-6-1,,tat,6,алты,алты,,,,,
tat-7-1,,tat,7,җиде,җиде,,,,,
tat-8-1,,tat,8,сигез,сигез,,,,,
tat-9-1,,tat,9,тугыз,тугыз,,,,,
tat-10-1,,tat,10,ун,ун,,,,,
tat-11-1,,tat,11,ун бер,ун бер,,,,,
ckb_latin-0-1,,ckb_latin,0,sefr,sefr,,,,,
ckb_latin-1-1,,ckb_latin,1,yak,yak,,,,,
ckb_latin-2-1,,ckb_latin,2,do,do,,,,,
ckb_latin-3-1,,ckb_latin,3,se,se,,,,,
ckb_latin-4-1,,ckb_latin,4,chovar,chovar,,,,,
ckb_latin-5-1,,ckb_latin,5,penj,penj,,,,,
ckb_latin-6-1,,ckb_latin,6,shash,shash,,,,,
ckb_latin-7-1,,ckb_latin,7,haft,haft,,,,,
ckb_latin-8-1,,ckb_latin,8,hesht,hesht,,,,,
ckb_latin-9-1,,ckb_latin,9,noo,noo,,,,,
ckb_latin-10-1,,ckb_latin,10,da,da,,,,,
ckb_latin-11-1,,ckb_latin,11,yanza,yanza,,,,,
run-0-1,,run,0,ubusa,ubusa,,,,,
run-1-1,,run,1,rimwe,rimwe,,,,,
run-2-1,,run,2,kabiri,kabiri,,,,,
run-3-1,,run,3,gatatu,gatatu,,,,,
run-4-1,,run,4,kane,kane,,,,,
run-5-1,,run,5,gatanu,gatanu,,,,,
run-6-1,,run,6,gatandatu,gatandatu,,,,,
run-7-1,,run,7,indwi,indwi,,,,,
run-8-1,,run,8,umunani,umunani,,,,,
run-9-1,,run,9,icenda,icenda,,,,,
run-10-1,,run,10,cumi,cumi,,,,,
run-11-1,,run,11,cumi na rimwe,cumi na rimwe,,,,,
